タイムスタンプ,会社名（正式名称）,サイト上の呼称,採用年度,PURPOSE（採用サイトの軸になる一文）,郵便番号,都道府県,市区町村,番地・建物名,コーポレートサイトのURL,コピーライト表記,メインカラー,濃色背景の色,ロゴ／シンボル画像,「仕事を知る」サイトのURL,「人を知る」サイトのURL,「選考を知る」サイトのURL,【仕事】ページの説明文,【仕事】ヒーローの見出し,【仕事】ヒーローのリード文,【仕事】ヒーロー画像,【仕事】ヒーロー画像の説明,【仕事】ヒーローに並べる数字,【仕事】事業セクションの見出し,【仕事】事業セクションのリード文,【仕事】事業セクションの補足,【仕事】数字セクションの見出し,【仕事】数字セクションのリード文,【仕事】会社の数字,【仕事】数字セクションの画像,【仕事】数字セクションの画像の説明,【仕事】職種セクションの見出し,【仕事】職種セクションのリード文,【仕事】比較表の見出し,【仕事】比較表のリード文,【仕事】比較表の中身,【人】ページの説明文,【人】ヒーローの見出し,【人】ヒーローのリード文,【人】ヒーロー画像,【人】ヒーロー画像の説明,【人】ヒーローに並べる数字,【人】PURPOSEセクションの見出し,【人】PURPOSEセクションのリード文,【人】バリュー一覧の小ラベル,【人】バリュー一覧,【人】バリュー一覧の締めの言葉,【人】PURPOSEセクションの背景画像,【人】インタビューセクションの見出し,【人】インタビューセクションのリード文,【人】キャリアパスの見出し,【人】キャリアパスのリード文,【人】キャリアパスのステップ,【人】キャリアパスの画像,【人】キャリアパスの画像の説明,【選考】ページの説明文,【選考】ヒーローの見出し,【選考】ヒーローのリード文,【選考】ヒーロー画像,【選考】ヒーロー画像の説明,【選考】ヒーローに並べる数字,【選考】選考フローの見出し,【選考】選考フローのリード文,【選考】選考フローのステップ,【選考】募集要項,【選考】募集要項の注記,【選考】FAQセクションの見出し,【選考】FAQセクションのリード文,【エントリー】見出し,【エントリー】リード文,【エントリー】背景画像,【エントリー】フォームの説明文
2026/08/17 10:00:00,株式会社ミライワークス,MIRAI WORKS,2028,働くを、もっと自由に。,150-0002,東京都,渋谷区,渋谷2-1-1 ミライビル,https://example.com/,© MIRAI WORKS,#c8102e,#1a0508,logo.png,https://mirai-jobs.pages.dev,https://mirai-people.pages.dev,https://mirai-faq.pages.dev,ミライワークスの2つの事業領域と、3つの職種を紹介します。,"働き方の選択肢を、
増やしつづける。",ミライワークスは業務委託マッチングとSaaSの2領域を展開しています。,https://images.example.com/hero-jobs.jpg,ミライワークスで働く社員,"2領域 | 事業ドメイン
3職種 | 新卒募集
12拠点 | 全国ネットワーク",何をやっている会社？,「人材マッチング」と「SaaS」の2領域で事業を展開しています。,登録プロフェッショナル人材は10万人を超えています。,数字で見るミライワークス,2016年の創業から10年。着実に事業を広げてきました。,"2016 | 年 | 創業 | 2016年4月設立
312 | 名 | 従業員数 | 連結
88 | 億円 | 売上高 | 直近実績",office.jpg,ミライワークスのオフィス,3つの職種、3つの入口,向き合う相手も成果の測り方も違います。,3職種を横に並べて比べる,自分がどの軸に惹かれるかで選んでください。,"向き合う相手 | 企業の人事 | 登録人材 | プロダクト利用企業
成果の測り方 | 受注 / 売上 | マッチング成立数 | 継続率
成果が出るまで | 数週間〜数ヶ月 | 数週間 | 半年〜数年",ミライワークスの3つのバリューと、実際に働く社員の声を紹介します。,"どんな人と、
働くことになるのか。",隣に座る人がどんな価値観で動いているか、加工せずに見せます。,https://images.example.com/hero-people.jpg,ミライワークスの社員たち,"3 | VALUES
29.4歳 | 平均年齢
2年目〜 | リーダー登用例",,誰もが自分の意思で働き方を選べる社会をつくります。,3 VALUES,"自分で決める | 指示を待たず、自分の判断で動こう。
相手の立場で考える | 目の前の相手が何に困っているかから始めよう。
変化を歓迎する | 昨日の正解に固執しない。","この3つに
ピンと来たなら、
たぶん合います。",statement.jpg,先輩社員の、加工しない話,良いことばかりではない部分も含めて聞きました。,入社してからの、現実的な話,任される範囲が広がっていく順番を正直に書きます。,"1年目 | 基礎を作る | 2ヶ月の研修後に配属。トレーナーが付きます。
2〜3年目 | 裁量を持つ | 担当クライアントを持ち、数字責任を負います。
4年目〜 | 選択肢が広がる | マネジメントか専門職かを選べます。",career.jpg,ミライワークスで働く社員,ミライワークス2028年新卒採用の選考フロー・募集要項・よくある質問。,"不安を、
全部つぶしてから。",判断に必要な情報を、この1ページに集めました。,https://images.example.com/hero-faq.jpg,ミライワークスの選考風景,"通年 | エントリー受付
2〜3週間 | 内定までの平均
オンライン可 | 全選考プロセス",エントリーから内定まで,平均2〜3週間程度です。,"エントリー | フォームから1分で完了。
会社説明会 | 事業とカルチャーを共有。オンライン可。
面接 | 価値観のすり合わせ。
最終面接 | 役員との面接。
内定 | 内定後は配属面談を実施。","募集職種 | 法人営業 / カスタマーサクセス / プロダクト企画
応募資格 | 2028年3月までに卒業見込みの方
勤務地 | 渋谷本社ほか全国12拠点
勤務時間 | 10:00〜19:00（実働8時間）
休日休暇 | 完全週休2日制、祝日、年末年始
待遇・福利厚生 | 各種社会保険完備、リモート可、書籍購入補助",※ 実際の募集内容は公式採用ページをご確認ください。,聞きにくいことも、全部答えます,ここに無いことは面談で遠慮なく聞いてください。,"迷っているなら、
まず話を聞きに来てください。",エントリーは1分で完了します。説明会はオンライン開催もあります。,entry.jpg,下記フォームからエントリーできます。
